{"cameraMode":{"drawMode":0,"name":"Shaded","section":"Shading Mode"},"sceneLighting":false,"audioPlay":false,"sceneViewState":{"showFog":true,"showMaterialUpdate":false,"showSkybox":false,"showFlares":true,"showImageEffects":true,"showParticleSystems":true},"in2DMode":false,"pivot":{"x":-6.679999351501465,"y":22.899999618530275,"z":0.19999998807907105},"rotation":{"x":-0.02698323130607605,"y":0.031483300030231479,"z":0.0008502423879690468,"w":0.9991388320922852},"size":1.299038290977478,"orthographic":true}